"ID","treeID","creatorID","specID","height","DBH","plot"
1,"b00001","jk","FIG",NA,0.15,"fs-049"
2,"b00002","jk","BUR",NA,0.08,"fs-048"
3,"b00003","jk","FIG",NA,0.08,"fs-049"
6,"b00006","jk","FIG",NA,0.1,"fs-049"
9,"b00009","GHKLRRS","BUR",7.1,0.3,"fs-024"
13,"b00013","dg","EIT",NA,0.41,"fs-032"
14,"b00014","dg","BUR",NA,0.59,"fs-041"
15,"b00015","BHW","BUR",19,0.21,"fs-048"
21,"b00400","KSW","BUR",18,0.45,"fs-040"
22,"b00401","KSW","BUR",19,0.37,"fs-040"
23,"b00402","KSW","BUR",9,0.16,"fs-040"
24,"b00403","KSW","BUR",22,0.48,"fs-040"
25,"b00404","KSW","BUR",12,0.16,"fs-040"
26,"b00405","KSW","BUR",19,0.37,"fs-040"
27,"b00406","KSW","BUR",24,0.38,"fs-040"
28,"b00407","KSW","BUR",18,0.4,"fs-040"
29,"b00408","KSW","BUR",29,0.73,"fs-041"
30,"b00409","KSW","BUR",25,0.59,"fs-041"
31,"b00410","KSW","BUR",7.9,0.22,"fs-042"
32,"b00411","KSW","LAE",16.5,0.33,"fs-042"
33,"b00412","KSW","BUR",6.5,0.14,"fs-042"
34,"b00413","KSW","BUR",8,0.14,"fs-042"
35,"b00414","KSW","BUR",8,0.13,"fs-042"
36,"b00415","KSW","HBU",8,0.17,"fs-042"
37,"b00416","KSW","LAE",18,0.36,"fs-042"
38,"b00417","KSW","BUR",7,0.14,"fs-042"
39,"b00418","KSW","BUR",9,0.23,"fs-042"
40,"b00419","KSW","LAE",14,0.32,"fs-042"
41,"b00420","BHW","BUR",11,0.1,"fs-047"
42,"b00421","BHW","BUR",10,0.08,"fs-047"
43,"b00422","BHW","BUR",12,0.12,"fs-047"
44,"b00423","BHW","BUR",13,0.15,"fs-047"
45,"b00424","BHW","BUR",13,0.12,"fs-047"
46,"b00425","BHW","BUR",11,0.08,"fs-047"
47,"b00426","BHW","BUR",12,0.11,"fs-047"
48,"b00427","BHW","BUR",11,0.08,"fs-047"
49,"b00428","BHW","BUR",8,0.07,"fs-047"
50,"b00429","BHW","BUR",13,0.14,"fs-047"
51,"b00430","BHW","BUR",10,0.1,"fs-047"
52,"b00431","BHW","FIG",11,0.11,"fs-047"
53,"b00432","BHW","BUR",16,0.25,"fs-047"
54,"b00433","BHW","BUR",10,0.08,"fs-047"
55,"b00434","BHW","BUR",11,0.09,"fs-047"
56,"b00435","BHW","BUR",11,0.09,"fs-047"
57,"b00436","BHW","BIG",16,0.37,"fs-047"
58,"b00437","BHW","BUR",9,0.08,"fs-047"
59,"b00438","BHW","BUR",14,0.15,"fs-047"
60,"b00439","BHW","HAS",9,0.08,"fs-047"
61,"b00520","BHW","BUR",11,0.13,"fs-049"
62,"b00521","BHW","FIG",17,0.11,"fs-049"
63,"b00522","BHW","FIG",9,0.11,"fs-049"
64,"b00523","BHW","FIG",11,0.09,"fs-049"
65,"b00524","BHW","FIG",17,0.1,"fs-049"
66,"b00525","BHW","FIG",17,0.1,"fs-049"
67,"b00526","BHW","BUR",NA,0.09,"fs-048"
68,"b00527","BHW","BUR",8,0.09,"fs-048"
69,"b00528","BHW","BUR",10,0.09,"fs-048"
70,"b00529","BHW","BUR",13,0.09,"fs-048"
71,"b00530","BHW","BUR",6,0.08,"fs-048"
72,"b00531","jk","BUR",NA,0.51,"fs-006"
73,"b00532","jk","BUR",NA,0.47,"fs-006"
84,"b00543","jk","BUR",NA,0.38,"fs-044"
85,"b00544","jk","BUR",NA,0.15,"fs-046"
86,"b00545","jk","BUR",NA,0.18,"fs-046"
87,"b00546","jk","BUR",NA,0.33,"fs-046"
88,"b00547","jk","BUR",NA,0.3,"fs-046"
116,"b00616","KSW","BUR",20,0.65,"fs-041"
122,"b00624","dg","BUR",NA,0.37,"fs-013"
128,"b00630","jg","BUR",NA,0.58,"fs-002"
132,"b00640","BHW","FIG",19,0.34,"fs-047"
133,"b00641","BHW","BUR",9,0.09,"fs-047"
134,"b00642","BHW","BUR",14,0.3,"fs-047"
135,"b00643","BHW","BUR",12,0.09,"fs-047"
136,"b00644","BHW","BUR",16,0.17,"fs-047"
137,"b00645","BHW","BUR",10,0.09,"fs-047"
138,"b00646","BHW","BUR",15,0.18,"fs-048"
139,"b00647","BHW","BUR",16,0.11,"fs-048"
140,"b00648","BHW","BUR",16,0.1,"fs-048"
141,"b00649","BHW","BUR",17,0.13,"fs-048"
142,"b00650","BHW","BUR",17,0.11,"fs-048"
143,"b00651","BHW","BUR",18,0.16,"fs-048"
144,"b00652","BHW","BUR",15,0.1,"fs-048"
145,"b00653","BHW","BUR",12,0.09,"fs-048"
146,"b00654","BHW","BUR",17,0.11,"fs-048"
147,"b00655","BHW","BUR",11,0.08,"fs-048"
148,"b00656","BHW","BUR",23,0.38,"fs-048"
149,"b00657","BHW","BUR",19,0.23,"fs-048"
150,"b00658","BHW","BUR",22,0.28,"fs-048"
151,"b00659","BHW","BUR",18,0.14,"fs-048"
152,"b00660","BHW","BUR",11,0.08,"fs-048"
153,"b00661","BHW","BUR",24,0.28,"fs-048"
154,"b00662","BHW","BUR",19,0.11,"fs-048"
155,"b00663","BHW","BUR",22,0.24,"fs-048"
156,"b00664","BHW","BUR",9,0.09,"fs-048"
157,"b00665","BHW","BUR",17,0.12,"fs-048"
158,"b00666","BHW","BUR",18,0.12,"fs-048"
159,"b00667","BHW","BUR",21,0.16,"fs-048"
160,"b00668","BHW","BUR",19,0.15,"fs-048"
161,"b00669","BHW","BUR",20,0.1,"fs-048"
162,"b00670","BHW","BUR",21,0.2,"fs-048"
163,"b00671","BHW","BUR",NA,0.19,"fs-048"
164,"b00672","BHW","BUR",20,0.38,"fs-048"
172,"b00680","BHW","BUR",15,0.11,"fs-049"
173,"b00681","BHW","BUR",10,0.13,"fs-049"
174,"b00682","BHW","BUR",15,0.18,"fs-049"
175,"b00683","BHW","BUR",5,0.11,"fs-049"
176,"b00684","BHW","BUR",15,0.17,"fs-049"
177,"b00685","BHW","BUR",17,0.25,"fs-049"
178,"b00686","BHW","FIG",12,0.09,"fs-049"
179,"b00687","BHW","FIG",16,0.26,"fs-049"
180,"b00688","BHW","FIG",12,0.13,"fs-049"
181,"b00689","BHW","FIG",15,0.25,"fs-049"
182,"b00690","BHW","FIG",17,0.32,"fs-049"
183,"b00691","BHW","FIG",15,0.21,"fs-049"
184,"b00692","BHW","FIG",21,0.28,"fs-049"
185,"b00693","BHW","FIG",15,0.12,"fs-049"
186,"b00694","BHW","FIG",20,0.3,"fs-049"
187,"b00695","BHW","FIG",18,0.22,"fs-049"
188,"b00696","BHW","FIG",18,0.18,"fs-049"
189,"b00697","BHW","FIG",19,0.18,"fs-049"
190,"b00698","BHW","FIG",19,0.2,"fs-049"
191,"b00699","BHW","FIG",18,0.26,"fs-049"
192,"b00700","BHW","FIG",20,0.24,"fs-049"
193,"b00701","BHW","FIG",19,0.21,"fs-049"
194,"b00702","BHW","ASP",18,0.2,"fs-049"
195,"b00703","BHW","ASP",NA,0.13,"fs-049"
196,"b00704","BHW","BUR",17,0.18,"fs-049"
197,"b00705","BHW","FIG",18,0.32,"fs-049"
198,"b00706","BHW","ASP",19,0.27,"fs-049"
199,"b00707","BHHK","BUR",16.4,0.3,"fs-045"
200,"b00708","BHHK","BUR",15.6,0.23,"fs-045"
201,"b00709","BHHK","BUR",12.3,0.28,"fs-045"
202,"b00710","BHHK","BUR",7.8,0.19,"fs-045"
203,"b00711","BHHK","EIT",24,0.52,"fs-045"
204,"b00712","BHHK","BUR",8.6,0.2,"fs-045"
205,"b00713","BHHK","EIT",25.2,0.71,"fs-045"
206,"b00714","BHHK","EIT",18,0.47,"fs-050"
207,"b00715","BHHK","BUR",12,0.22,"fs-050"
208,"b00716","BHHK","BUR",11,0.25,"fs-050"
209,"b00717","BHHK","BUR",10.5,0.24,"fs-050"
210,"b00718","BHHK","BUR",10.3,0.21,"fs-050"
211,"b00719","BHHK","BUR",15.5,0.15,"fs-050"
212,"b00723","BHHK","EIT",10,0.48,"fs-050"
213,"b00724","BHHK","BUR",16,0.26,"fs-050"
214,"b00725","BHHK","BUR",7,0.12,"fs-050"
215,"b00726","BHHK","EIT",16,0.48,"fs-050"
216,"b00727","BHHK","BUR",8.5,0.19,"fs-050"
217,"b00728","dg","FIG",36.5,0.46,"de-004"
218,"b00729","dg","DGL",36.5,0.48,"de-003"
219,"b00730","dg","FIG",36.5,0.61,"de-004"
220,"b00731","dg","FIG",36.5,0.44,"de-004"
221,"b00732","dg","DGL",36.5,0.49,"de-003"
222,"b00733","dg","DGL",36.5,0.34,"de-003"
223,"b00734","dg","DGL",36.5,0.67,"de-003"
224,"b00735","dg","DGL",36.5,0.69,"de-003"
225,"b00736","dg","FIG",36.5,0.55,"de-004"
226,"b00737","dg","FIG",36.5,0.29,"de-004"
227,"b00738","dg","DGL",36.5,0.74,"de-003"
228,"b00739","dg","FIG",36.5,0.41,"de-004"
229,"b00740","dg","DGL",36.5,0.58,"de-003"
230,"b00741","dg","DGL",36.5,0.86,"de-003"
231,"b00742","dg","DGL",36.5,0.57,"de-003"
232,"b00743","dg","FIG",36.5,0.62,"de-004"
233,"b00744","dg","FIG",36.5,0.39,"de-004"
234,"b00745","dg","DGL",36.5,0.68,"de-003"
235,"b00746","dg","DGL",36.5,0.69,"de-003"
236,"b00747","dg","BUR",17,0.2,"fs-006"
260,"b00787","jg","BUR",NA,0.27,"fs-038"
268,"b00802","GHKLRRS","BUR",13.4,0.2,"fs-023"
269,"b00803","jk","BUR",NA,0.08,"fs-047"
277,"b00811","dg","BUR",NA,0.54,"fs-006"
278,"b00812","dg","BUR",NA,0.57,"fs-006"
281,"b00815","jk","BUR",NA,0.51,"fs-010"
282,"b00816","SBSF","BUR",56.2,0.48,"fs-010"
287,"b00821","DGLJS","BUR",9,0.16,"dm-003"
288,"b00822","DGLJS","BUR",22.4,0.23,"dm-003"
289,"b00840","dg","BUR",35,0.5,"exc-004"
291,"b00842","dg","EIT",NA,1.34,"fs-031"
293,"b00845","jk","BUR",NA,0.08,"fs-049"
294,"b00846","jk","FIG",NA,0.1,"fs-049"
295,"b00847","jk","BUR",NA,0.09,"fs-049"
296,"b00848","BHW","BUR",20,0.29,"fs-048"
299,"b00851","dg","EIT",NA,1.19,"fs-014"
328,"b00880","DGLJS","BUR",24.1,0.54,"fs-032"
329,"b00881","DGLJS","BUR",8.4,0.45,"fs-032"
330,"b00882","dg","BUR",NA,0.32,"fs-013"
331,"b00884","KSW","BUR",28,0.62,"fs-039"
332,"b00885","KSW","BUR",25,0.54,"fs-039"
333,"b00886","KSW","BUR",5,0.13,"fs-039"
334,"b00887","KSW","BUR",28,0.7,"fs-039"
335,"b00888","KSW","BUR",24,0.6,"fs-039"
340,"b00893","jk","EIT",NA,0.49,"fs-043"
344,"b00897","KSW","BUR",18,0.32,"fs-037"
345,"b00898","KSW","BUR",20,0.48,"fs-037"
346,"b00899","KSW","BUR",11,0.16,"fs-037"
347,"b00900","KSW","EIT",19,0.59,"fs-037"
348,"b00901","KSW","EIT",20,0.45,"fs-037"
349,"b00902","KSW","BUR",10,0.19,"fs-036"
350,"b00903","KSW","EIT",22,0.56,"fs-036"
351,"b00904","KSW","BUR",19,0.45,"fs-036"
352,"b00905","KSW","EIT",20,0.57,"fs-036"
353,"b00906","KSW","BUR",12,0.29,"fs-036"
354,"b00907","KSW","EIT",20,0.5,"fs-036"
355,"b00908","dg","FIG",36.5,0.51,"de-004"
356,"b00909","dg","FIG",36.5,0.57,"de-004"
357,"b00910","dg","FIG",36.5,0.76,"de-004"
358,"b00911","dg","DGL",36.5,0.63,"de-003"
359,"b00912","dg","FIG",36.5,0.39,"de-004"
360,"b00913","dg","FIG",36.5,0.49,"de-004"
361,"b00914","dg","DGL",36.5,0.59,"de-003"
362,"b00915","dg","FIG",36.5,0.49,"de-004"
363,"b00916","dg","DGL",36.5,0.67,"de-003"
364,"b00917","dg","DGL",36.5,0.59,"de-003"
365,"b00918","dg","FIG",36.5,0.45,"de-004"
366,"b00919","dg","BUR",NA,NA,"de-003"
367,"b00920","dg","BUR",NA,0.54,"fs-006"
368,"b00921","dg","BUR",NA,0.66,"fs-023"
369,"b00922","dg","BUR",NA,0.51,"fs-006"
370,"b00923","jk","BUR",NA,0.07,"fs-047"
373,"b00927","dg","BUR",NA,0.32,"fs-005"
377,"b00931","BHW","BUR",20,0.26,"fs-048"
378,"b00932","DGLJS","BUR",15.7,0.21,"fs-034"
479,"r00001","GRLGS","HBU",21.6,0.25,"fs-001"
480,"r00002","GRLGS","EIT",38.8,0.51,"fs-001"
481,"r00003","GRLGS","HBU",20.4,0.22,"fs-001"
482,"r00004","GRLGS","EIT",39,0.56,"fs-001"
483,"r00005","GRLGS","BUR",33.6,0.25,"fs-001"
484,"r00006","GRLGS","BUR",26.6,0.22,"fs-001"
485,"r00007","GRLGS","BUR",33.6,0.21,"fs-001"
486,"r00008","GRLGS","BUR",19.6,0.18,"fs-001"
487,"r00009","GRLGS","EIT",37.2,0.57,"fs-001"
488,"r00010","GRLGS","EIT",36.6,0.48,"fs-001"
489,"r00011","GRLGS","BUR",29.6,0.3,"fs-001"
490,"r00013","DGLJS","EIT",17.9,0.51,"fs-032"
491,"r00014","DGLJS","EIT",13.8,0.49,"fs-032"
492,"r00015","DGLJS","BUR",16.7,0.45,"fs-032"
493,"r00017","DGLJS","BUR",15.5,0.49,"fs-032"
494,"r00018","DGLJS","BUR",9.8,0.14,"fs-032"
495,"r00019","DGLJS","BUR",7.1,0.1,"fs-032"
496,"r00020","DGLJS","BUR",9.8,0.1,"fs-032"
497,"r00021","DGLJS","BUR",23.7,0.54,"fs-033"
498,"r00022","DGLJS","BUR",31.4,0.46,"fs-033"
499,"r00023","DGLJS","BUR",34.1,0.48,"fs-033"
500,"r00024","DGLJS","BUR",21.4,0.42,"fs-033"
501,"r00025","DGLJS","BUR",19.9,0.3,"fs-033"
502,"r00026","DGLJS","BUR",22.1,0.53,"fs-029"
503,"r00027","DGLJS","BUR",11.1,0.14,"fs-029"
504,"r00028","DGLJS","BUR",30.4,0.46,"fs-029"
505,"r00029","DGLJS","BUR",11.3,0.14,"fs-029"
506,"r00030","DGLJS","BUR",24.7,0.51,"fs-029"
507,"r00031","DGLJS","BUR",7.2,0.11,"fs-029"
508,"r00032","DGLJS","BUR",9.3,0.07,"fs-029"
509,"r00033","DGLJS","BUR",21.6,0.51,"fs-029"
510,"r00034","DGLJS","BUR",8.6,0.17,"fs-029"
511,"r00035","DGLJS","EIT",20.3,0.37,"fs-029"
512,"r00037","DGLJS","BUR",11.8,0.13,"fs-030"
513,"r00038","DGLJS","BUR",11.8,0.12,"fs-030"
514,"r00039","DGLJS","BUR",11.8,0.17,"fs-030"
515,"r00040","DGLJS","BUR",24.8,0.25,"fs-027"
516,"r00041","DGLJS","EIT",28.8,0.58,"fs-027"
517,"r00042","DGLJS","BUR",10.1,0.28,"fs-027"
518,"r00043","DGLJS","EIT",30.3,0.56,"fs-027"
519,"r00044","DGLJS","EIT",26,0.55,"fs-027"
520,"r00045","DGLJS","BUR",23.3,0.44,"fs-031"
521,"r00046","DGLJS","EIT",13.4,0.32,"fs-031"
522,"r00047","DGLJS","BUR",13.6,0.51,"fs-031"
523,"r00048","DGLJS","BUR",18.4,4.39,"fs-031"
524,"r00049","DGLJS","EIT",17.9,0.78,"fs-031"
525,"r00050","GRLGS","DGL",31.2,0.22,"fs-004"
526,"r00051","GRLGS","BUR",8.8,0.11,"fs-004"
527,"r00052","GRLGS","DGL",39,0.68,"fs-004"
528,"r00053","GRLGS","BUR",16.6,0.2,"fs-004"
529,"r00054","GRLGS","BUR",32.6,0.25,"fs-004"
530,"r00055","GRLGS","BUR",26.6,0.35,"fs-004"
531,"r00056","GRLGS","BUR",26.4,0.44,"fs-004"
532,"r00057","GRLGS","BUR",3.6,0.15,"fs-004"
533,"r00058","GRLGS","DGL",36,0.89,"fs-004"
534,"r00059","GRLGS","BUR",8.2,0.18,"fs-004"
535,"r00060","GRLGS","BUR",26,0.31,"fs-004"
536,"r00061","GRLGS","BUR",34.6,0.28,"fs-004"
537,"r00062","GRLGS","BUR",29.8,0.39,"fs-004"
538,"r00063","GRLGS","DGL",46.6,0.74,"fs-004"
539,"r00064","GRLGS","EIT",32.2,0.36,"fs-005"
540,"r00065","GRLGS","BUR",19.6,0.51,"fs-005"
541,"r00066","GRLGS","BUR",29,0.5,"fs-005"
542,"r00067","GRLGS","BUR",24.6,0.4,"fs-005"
543,"r00068","GRLGS","DGL",31.6,0.37,"fs-005"
544,"r00069","GRLGS","DGL",31.6,0.37,"fs-005"
545,"r00070","GRLGS","DGL",31.6,0.4,"fs-005"
546,"r00071","GRLGS","DGL",18.8,0.1,"fs-005"
547,"r00072","GRLGS","DGL",31.6,0.23,"fs-005"
548,"r00073","GRLGS","DGL",31.6,0.44,"fs-005"
549,"r00074","GRLGS","BUR",37.2,0.54,"fs-006"
550,"r00075","GRLGS","BUR",38.2,0.45,"fs-006"
551,"r00076","GRLGS","BUR",21.8,0.17,"fs-006"
552,"r00077","dg","BUR",NA,0.15,"fs-006"
553,"r00078","GRLGS","BUR",45.6,0.57,"fs-006"
554,"r00079","GRLGS","BUR",31,0.27,"fs-006"
555,"r00080","GRLGS","BUR",51.6,0.59,"fs-006"
556,"r00081","GHKLRRS","BUR",12.1,0.18,"fs-023"
557,"r00082","GHKLRRS","BUR",15.2,0.18,"fs-023"
558,"r00083","GHKLRRS","BUR",11.4,0.14,"fs-023"
559,"r00084","GHKLRRS","BUR",27.9,0.6,"fs-023"
560,"r00085","GHKLRRS","BUR",32.5,0.45,"fs-023"
561,"r00086","GHKLRRS","BUR",27.9,0.5,"fs-023"
562,"r00087","GHKLRRS","BUR",30.7,0.69,"fs-022"
563,"r00088","GHKLRRS","BUR",22.4,0.6,"fs-022"
564,"r00089","GHKLRRS","BUR",22.5,0.48,"fs-022"
565,"r00090","GHKLRRS","BUR",22.6,0.54,"fs-022"
566,"r00091","GHKLRRS","ESG",26.8,0.41,"fs-024"
567,"r00092","GHKLRRS","ESG",31.5,0.48,"fs-024"
568,"r00093","GHKLRRS","ESG",26.3,0.25,"fs-024"
569,"r00094","GHKLRRS","ESG",29.9,0.42,"fs-024"
570,"r00095","GHKLRRS","ESG",27.5,0.26,"fs-024"
571,"r00096","GHKLRRS","BUR",14.3,0.13,"fs-024"
572,"r00097","GHKLRRS","HBU",20.7,0.21,"fs-024"
573,"r00098","GHKLRRS","ESG",31.2,0.37,"fs-024"
574,"r00099","GHKLRRS","BUR",23,0.21,"fs-024"
575,"r00100","GHKLRRS","BUR",27.1,0.35,"fs-024"
576,"r00101","GHKLRRS","BUR",18.5,0.17,"fs-024"
577,"r00102","GHKLRRS","BUR",17.8,0.14,"fs-024"
578,"r00103","GHKLRRS","ESG",23.5,0.24,"fs-024"
579,"r00104","GHKLRRS","ESG",28,0.47,"fs-024"
580,"r00105","GHKLRRS","ESG",23.2,0.22,"fs-024"
581,"r00106","GHKLRRS","BUR",18.5,0.23,"fs-024"
582,"r00107","GHKLRRS","ESG",24.8,0.29,"fs-024"
583,"r00108","HSS","BUR",30,0.72,"fs-046"
584,"r00109","HSS","EIT",27,0.49,"fs-046"
585,"r00110","HSS","BUR",6,0.14,"fs-046"
586,"r00111","HSS","BUR",8,0.13,"fs-046"
587,"r00112","HSS","BUR",26,0.45,"fs-046"
588,"r00113","HSS","BUR",28,0.53,"fs-046"
589,"r00114","HSS","BUR",7,0.13,"fs-046"
590,"r00120","GRLGS","BUR",14.6,0.12,"fs-003"
591,"r00121","GRLGS","LAE",37,0.31,"fs-003"
592,"r00122","GRLGS","BUR",31.6,0.29,"fs-003"
593,"r00123","GRLGS","BUR",16.2,0.16,"fs-003"
595,"r00132","dg","BUR",NA,0.2,"fs-047"
597,"r00144","HSS","BUR",6,0.16,"fs-044"
598,"r00145","HSS","BUR",20,0.39,"fs-044"
599,"r00146","HSS","BUR",19,0.39,"fs-044"
600,"r00147","HSS","BUR",15,0.27,"fs-044"
601,"r00148","HSS","BUR",22,0.33,"fs-044"
602,"r00149","HSS","EIT",17,0.46,"fs-044"
603,"r00150","HSS","EIT",22,0.48,"fs-044"
604,"r00151","HSS","BUR",16,0.2,"fs-044"
605,"r00152","HSS","BUR",16,0.23,"fs-044"
606,"r00153","HSS","BUR",22,0.34,"fs-044"
607,"r00154","HSS","BUR",23,0.26,"fs-044"
608,"r00155","HSS","BUR",11,0.11,"fs-044"
609,"r00156","HSS","BUR",9,0.13,"fs-043"
610,"r00157","HSS","BUR",11,0.21,"fs-043"
611,"r00158","HSS","BUR",9,0.18,"fs-043"
612,"r00159","HSS","BUR",29,0.62,"fs-043"
613,"r00160","GRLGS","BUR",19,0.16,"fs-003"
614,"r00161","GRLGS","BUR",21.6,0.23,"fs-003"
615,"r00162","GRLGS","BUR",31.6,0.23,"fs-003"
616,"r00163","GRLGS","BUR",19,0.23,"fs-003"
617,"r00164","GRLGS","BUR",14.6,0.15,"fs-003"
618,"r00165","GRLGS","LAE",29.6,0.35,"fs-003"
619,"r00166","GRLGS","LAE",37.6,0.45,"fs-003"
620,"r00167","GRLGS","BUR",14.6,0.11,"fs-003"
621,"r00168","GRLGS","BUR",21.6,0.27,"fs-003"
622,"r00169","GRLGS","BUR",17.6,0.13,"fs-003"
623,"r00170","jk","EIT",NA,0.59,"dm-002"
624,"r00171","GRLGS","LAE",37.6,0.41,"fs-003"
625,"r00172","jk","BUR",NA,0.51,"dm-002"
626,"r00173","jk","EIT",NA,0.57,"dm-002"
627,"r00174","jk","BUR",NA,0.27,"dm-001"
628,"r00175","jk","BUR",NA,0.56,"dm-001"
629,"r00176","jk","EIT",NA,0.65,"dm-001"
630,"r00177","jk","EIT",NA,0.45,"dm-001"
631,"r00178","jk","BUR",NA,0.4,"dm-001"
632,"r00179","jk","EIT",NA,0.45,"dm-001"
633,"r00180","jk","BUR",NA,0.32,"dm-001"
634,"r00181","jk","EIT",NA,0.55,"dm-001"
635,"r00520","DGLJS","BUR",13,0.29,"fs-034"
636,"r00521","DGLJS","BUR",13,0.13,"fs-034"
637,"r00522","DGLJS","BUR",13,0.16,"fs-034"
638,"r00523","DGLJS","BUR",13,0.19,"fs-034"
639,"r00524","DGLJS","BUR",13,0.25,"fs-034"
640,"r00525","DGLJS","BUR",13,0.1,"fs-034"
641,"r00526","DGLJS","BUR",28.8,0.57,"fs-035"
642,"r00527","DGLJS","BUR",31.4,0.54,"fs-035"
643,"r00528","DGLJS","BUR",28.7,0.54,"fs-035"
644,"r00529","DGLJS","BUR",35.4,0.43,"fs-035"
645,"r00530","DGLJS","BUR",7.1,0.41,"fs-035"
646,"r00531","BHHK","EIT",19,0.43,"fs-038"
647,"r00532","BHHK","BUR",13.5,0.27,"fs-038"
648,"r00533","BHHK","EIT",21.7,0.6,"fs-038"
649,"r00535","BHHK","BUR",7.05,0.16,"fs-038"
650,"r00536","BHHK","BUR",6.11,0.14,"fs-038"
651,"r00537","BHHK","BUR",10.66,0.23,"fs-038"
652,"r00538","BHHK","BUR",8.38,0.23,"fs-038"
653,"r00539","BHHK","BUR",10,0.27,"fs-038"
654,"r00540","HSS","BUR",22,0.42,"fs-043"
655,"r00541","HSS","BUR",12,0.2,"fs-043"
656,"r00542","HSS","BUR",31,0.5,"fs-043"
657,"r00543","HSS","BUR",10,0.14,"fs-043"
658,"r00544","HSS","EIT",25,0.39,"fs-043"
659,"r00545","HSS","BUR",10,0.19,"fs-043"
660,"r00546","HSS","BUR",18,0.27,"fs-043"
661,"r00555","HSS","BUR",9,0.12,"fs-046"
662,"r00556","HSS","BUR",12,0.14,"fs-046"
663,"r00557","HSS","EIT",31,0.46,"fs-046"
664,"r00558","HSS","BUR",29,0.54,"fs-046"
665,"r00559","HSS","BUR",7,0.2,"fs-046"
666,"r00560","DGLJS","BUR",15.7,0.19,"fs-034"
667,"r00561","DGLJS","BUR",15.7,0.18,"fs-034"
668,"r00562","DGLJS","BUR",15.7,0.19,"fs-034"
669,"r00563","DGLJS","BUR",15.7,0.1,"fs-034"
670,"r00564","DGLJS","BUR",15.7,0.16,"fs-034"
671,"r00565","DGLJS","BUR",15.7,0.08,"fs-034"
672,"r00566","DGLJS","BUR",15.7,0.21,"fs-034"
673,"r00567","DGLJS","BUR",15.7,0.16,"fs-034"
674,"r00568","DGLJS","BUR",15.7,0.08,"fs-034"
675,"r00569","dg","EIT",NA,0.44,"dm-002"
676,"r00570","DGLJS","BUR",15.7,0.35,"fs-034"
677,"r00571","DGLJS","BUR",15.7,0.14,"fs-034"
678,"r00572","DGLJS","BUR",15.7,0.1,"fs-034"
679,"r00573","DGLJS","BUR",15.7,0.27,"fs-034"
680,"r00574","DGLJS","BUR",15.7,0.16,"fs-034"
681,"r00575","DGLJS","BUR",15.7,0.19,"fs-034"
682,"r00576","DGLJS","BUR",15.7,0.12,"fs-034"
683,"r00577","dg","ESG",23.6,0.46,"fs-024"
684,"r00578","DGLJS","BUR",15.7,0.16,"fs-034"
685,"r00579","DGLJS","BUR",15.7,0.1,"fs-034"
686,"r00580","DGLJS","BUR",15.7,0.22,"fs-034"
687,"r00581","DGLJS","BUR",15.7,0.18,"fs-034"
688,"r00582","DGLJS","BUR",15.7,0.13,"fs-034"
689,"r00583","DGLJS","BUR",15.7,0.19,"fs-034"
690,"r00584","DGLJS","BUR",15.7,0.16,"fs-034"
691,"r00585","DGLJS","BUR",13,0.24,"fs-034"
692,"r00586","DGLJS","BUR",13,0.16,"fs-034"
693,"r00587","DGLJS","BUR",13,0.08,"fs-034"
694,"r00588","DGLJS","BUR",13,0.13,"fs-034"
695,"r00589","DGLJS","BUR",13,0.08,"fs-034"
696,"r00590","DGLJS","BUR",13,0.25,"fs-034"
697,"r00591","DGLJS","BUR",13,0.1,"fs-034"
698,"r00592","DGLJS","BUR",13,0.13,"fs-034"
699,"r00593","DGLJS","BUR",13,0.16,"fs-034"
700,"r00594","DGLJS","BUR",13,0.14,"fs-034"
701,"r00595","DGLJS","BUR",13,0.1,"fs-034"
702,"r00596","DGLJS","BUR",13,0.11,"fs-034"
703,"r00597","DGLJS","BUR",13,0.11,"fs-034"
704,"r00598","DGLJS","BUR",13,0.11,"fs-034"
705,"r00599","DGLJS","BUR",13,0.1,"fs-034"
706,"r00600","GHKLRRS","ESG",1.6,0.11,"fs-024"
707,"r00601","GHKLRRS","BUR",25.8,0.42,"fs-025"
708,"r00602","GHKLRRS","BUR",24.9,0.44,"fs-025"
709,"r00603","GHKLRRS","EIT",24.6,0.35,"fs-025"
710,"r00604","GHKLRRS","BUR",21.5,0.3,"fs-025"
711,"r00605","GHKLRRS","BUR",22.9,0.32,"fs-025"
712,"r00606","GHKLRRS","BUR",20.9,0.33,"fs-025"
713,"r00607","GHKLRRS","BUR",10.1,0.11,"fs-025"
714,"r00608","GHKLRRS","BUR",26.3,0.43,"fs-025"
715,"r00609","GHKLRRS","BUR",18.9,0.18,"fs-025"
716,"r00610","GHKLRRS","BUR",21,0.25,"fs-025"
717,"r00611","GHKLRRS","BUR",24.3,0.38,"fs-025"
718,"r00612","GHKLRRS","BUR",7.8,0.09,"fs-025"
719,"r00613","GHKLRRS","BUR",23.8,0.44,"fs-025"
720,"r00614","GHKLRRS","BUR",11.9,0.12,"fs-025"
721,"r00615","GHKLRRS","BUR",25.8,0.42,"fs-025"
722,"r00616","GHKLRRS","BUR",9.6,0.1,"fs-025"
723,"r00617","GHKLRRS","BUR",23.9,0.39,"fs-025"
724,"r00618","GHKLRRS","BUR",12.9,0.14,"fs-025"
725,"r00619","GHKLRRS","DGL",23.5,0.44,"fs-026"
726,"r00620","GHKLRRS","BUR",22.7,0.36,"fs-026"
727,"r00621","GHKLRRS","BUR",23.2,0.45,"fs-026"
728,"r00622","GHKLRRS","BUR",22.1,0.47,"fs-026"
729,"r00623","GHKLRRS","BUR",7.4,0.13,"fs-026"
730,"r00624","GHKLRRS","BUR",22.9,0.34,"fs-026"
731,"r00625","GHKLRRS","BUR",23.1,0.37,"fs-026"
732,"r00626","GHKLRRS","DGL",18.8,0.31,"fs-026"
733,"r00627","GHKLRRS","BUR",10.6,0.17,"fs-026"
734,"r00628","GHKLRRS","DGL",23.2,0.42,"fs-026"
735,"r00629","GHKLRRS","DGL",13.2,0.17,"fs-026"
736,"r00630","GHKLRRS","DGL",3.5,0.11,"fs-026"
737,"r00631","BHW","EIT",9,0.15,"fs-047"
738,"r00632","BHW","BUR",11,0.14,"fs-047"
739,"r00633","BHW","BUR",13,0.15,"fs-047"
740,"r00634","BHW","BUR",12,0.12,"fs-047"
741,"r00635","BHW","BUR",11,0.11,"fs-047"
742,"r00636","BHW","EIT",14,0.25,"fs-047"
743,"r00637","BHW","BUR",14,0.1,"fs-047"
744,"r00638","BHW","BUR",9,0.32,"fs-047"
745,"r00639","BHW","BUR",19,0.13,"fs-047"
746,"r00641","DGLJS","BUR",11.8,0.09,"fs-030"
747,"r00642","DGLJS","BUR",11.8,0.09,"fs-030"
748,"r00643","DGLJS","BUR",11.8,0.11,"fs-030"
749,"r00644","DGLJS","BUR",11.8,0.12,"fs-030"
750,"r00645","DGLJS","BUR",11.8,0.11,"fs-030"
751,"r00646","DGLJS","BUR",11.8,0.1,"fs-030"
752,"r00647","DGLJS","BUR",11.8,0.13,"fs-030"
753,"r00648","DGLJS","BUR",11.8,0.11,"fs-030"
754,"r00649","DGLJS","BUR",11.8,0.12,"fs-030"
755,"r00650","DGLJS","BUR",11.8,0.09,"fs-030"
756,"r00651","DGLJS","BUR",11.8,0.08,"fs-030"
757,"r00652","DGLJS","BUR",11.8,0.1,"fs-030"
758,"r00653","DGLJS","BUR",11.8,0.14,"fs-030"
759,"r00654","DGLJS","BUR",11.8,0.15,"fs-030"
760,"r00655","DGLJS","BUR",11.8,0.09,"fs-030"
761,"r00656","DGLJS","BUR",11.8,0.1,"fs-030"
762,"r00657","DGLJS","BUR",11.8,0.08,"fs-030"
763,"r00658","DGLJS","BUR",11.8,0.12,"fs-030"
764,"r00659","DGLJS","BUR",11.8,0.1,"fs-030"
765,"r00660","DGLJS","BUR",11.8,0.08,"fs-030"
766,"r00661","DGLJS","BUR",21.8,0.46,"fs-030"
767,"r00662","DGLJS","BUR",21.8,0.19,"fs-030"
768,"r00663","DGLJS","BUR",21.8,0.12,"fs-030"
769,"r00664","DGLJS","BUR",21.8,0.22,"fs-030"
770,"r00665","DGLJS","FIG",24,0.38,"fs-028"
771,"r00666","DGLJS","FIG",24,0.25,"fs-028"
772,"r00667","DGLJS","FIG",24,0.35,"fs-028"
773,"r00668","jk","FIG",NA,0.4,"fs-028"
774,"r00669","DGLJS","FIG",24,0.3,"fs-028"
775,"r00670","DGLJS","FIG",24,0.29,"fs-028"
776,"r00671","DGLJS","FIG",24,0.16,"fs-028"
777,"r00672","DGLJS","FIG",24,0.29,"fs-028"
778,"r00673","DGLJS","FIG",24,0.3,"fs-028"
779,"r00674","DGLJS","FIG",24,0.29,"fs-028"
780,"r00675","DGLJS","FIG",24,0.38,"fs-028"
781,"r00676","DGLJS","FIG",24,0.4,"fs-028"
782,"r00677","DGLJS","FIG",24,0.35,"fs-028"
783,"r00678","DGLJS","FIG",24,0.4,"fs-028"
784,"r00679","DGLJS","FIG",24,0.21,"fs-028"
785,"r00682","SBSF","BUR",14.8,0.13,"fs-010"
786,"r00683","SBSF","BUR",39.2,0.21,"fs-010"
787,"r00684","SBSF","BUR",37.7,0.44,"fs-010"
788,"r00685","SBSF","BUR",44,0.24,"fs-010"
789,"r00686","SBSF","BUR",43.7,0.57,"fs-010"
790,"r00687","SBSF","BUR",6.4,0.17,"fs-010"
791,"r00688","SBSF","BUR",42.2,0.47,"fs-010"
792,"r00689","SBSF","BUR",31.9,0.22,"fs-010"
793,"r00690","jk","EIT",NA,0.55,"dm-003"
794,"r00691","jk","EIT",NA,0.48,"dm-006"
796,"r00695","jk","BUR",NA,0.44,"dm-006"
797,"r00696","jk","EIT",NA,0.45,"dm-006"
798,"r00697","jk","EIT",NA,0.33,"dm-005"
799,"r00698","jk","BUR",NA,0.42,"dm-005"
800,"r00699","jk","BUR",NA,0.42,"dm-005"
801,"r00700","jk","BUR",NA,0.48,"dm-005"
802,"r00701","jk","EIT",NA,0.51,"dm-005"
803,"r00702","jk","EIT",26,0.41,"dm-005"
804,"r00703","jk","EIT",NA,0.43,"dm-004"
805,"r00704","jk","EIT",NA,0.49,"dm-004"
806,"r00705","jk","EIT",NA,0.37,"dm-004"
807,"r00706","jk","BUR",NA,0.47,"dm-004"
808,"r00707","jk","EIT",NA,0.55,"dm-004"
809,"r00708","jk","BUR",NA,0.45,"dm-004"
810,"r00709","jk","BUR",NA,0.51,"dm-004"
811,"r00710","jk","BUR",NA,0.45,"dm-004"
812,"r00711","jk","EIT",NA,0.5,"dm-003"
813,"r00712","jk","BUR",NA,0.34,"dm-003"
814,"r00713","jk","BUR",NA,0.37,"dm-003"
815,"r00714","jk","BUR",NA,0.42,"dm-003"
816,"r00715","jk","BUR",NA,0.33,"dm-003"
817,"r00716","jk","EIT",NA,0.46,"dm-003"
818,"r00717","jk","EIT",NA,0.45,"dm-003"
819,"r00718","jk","EIT",NA,0.41,"dm-002"
820,"r00719","jk","BUR",NA,0.48,"dm-002"
821,"r00720","SBSF","BUR",31.5,0.38,"fs-016"
822,"r00721","SBSF","BUR",35.3,0.39,"fs-016"
823,"r00722","SBSF","BUR",23.4,0.39,"fs-016"
824,"r00723","SBSF","BUR",38.6,0.54,"fs-016"
825,"r00724","SBSF","BUR",41,0.56,"fs-016"
826,"r00725","SBSF","BUR",26.5,0.37,"fs-016"
827,"r00726","SBSF","BUR",34.7,0.49,"fs-016"
828,"r00727","SBSF","BUR",31.5,0.57,"fs-016"
829,"r00728","SBSF","DGL",40.4,0.73,"fs-017"
830,"r00729","SBSF","EIT",32.9,0.27,"fs-017"
831,"r00730","SBSF","BUR",43.4,0.38,"fs-017"
832,"r00731","SBSF","DGL",44.3,0.88,"fs-017"
833,"r00732","SBSF","BUR",18.3,0.2,"fs-017"
834,"r00733","SBSF","DGL",47.6,0.66,"fs-017"
835,"r00734","SBSF","BUR",41,0.36,"fs-017"
836,"r00735","SBSF","BUR",45.2,0.32,"fs-017"
837,"r00736","SBSF","BUR",45,0.14,"fs-017"
838,"r00737","SBSF","BUR",7.8,0.25,"fs-017"
839,"r00738","SBSF","BUR",32.9,0.18,"fs-011"
840,"r00739","SBSF","BUR",32.9,0.55,"fs-011"
841,"r00740","SBSF","BUR",24.6,0.23,"fs-011"
842,"r00741","SBSF","BUR",24.6,0.59,"fs-011"
843,"r00742","SBSF","BUR",36.1,0.25,"fs-011"
844,"r00743","SBSF","BUR",43.4,0.33,"fs-011"
845,"r00744","SBSF","BUR",21,0.19,"fs-012"
846,"r00745","SBSF","BUR",34.4,0.43,"fs-012"
847,"r00746","SBSF","BUR",8,0.13,"fs-012"
848,"r00747","SBSF","BUR",36.5,0.6,"fs-012"
849,"r00748","SBSF","BUR",40.4,0.54,"fs-012"
850,"r00749","SBSF","BUR",20.4,0.46,"fs-012"
851,"r00750","SBSF","BUR",27.5,0.25,"fs-012"
852,"r00751","SBSF","BUR",35.3,0.45,"fs-012"
853,"r00752","SBSF","BUR",8,0.13,"fs-012"
854,"r00753","DGLJS","FIG",24,0.27,"fs-028"
855,"r00754","DGLJS","FIG",24,0.18,"fs-028"
856,"r00755","DGLJS","FIG",24,0.41,"fs-028"
857,"r00756","jk","FIG",NA,0.22,"fs-028"
858,"r00757","DGLJS","FIG",24,0.14,"fs-028"
859,"r00758","DGLJS","BUR",13,0.18,"fs-034"
860,"r00759","DGLJS","BUR",13,0.16,"fs-034"
861,"r00760","SBSF","HBU",27,0.1,"fs-014"
862,"r00761","SBSF","HBU",27,0.13,"fs-014"
863,"r00762","SBSF","HBU",27,0.09,"fs-014"
864,"r00763","jk","BUR",NA,0.55,"fs-006"
865,"r00764","jk","BUR",NA,0.09,"fs-001"
866,"r00765","SBSF","HBU",27,0.08,"fs-014"
867,"r00766","SBSF","HBU",27,0.13,"fs-014"
868,"r00768","SBSF","BUR",27,0.14,"fs-014"
869,"r00769","SBSF","HBU",27,0.08,"fs-014"
870,"r00770","SBSF","BUR",27,0.29,"fs-014"
871,"r00771","SBSF","EIT",27,0.09,"fs-014"
872,"r00772","SBSF","BUR",27,0.22,"fs-014"
873,"r00773","SBSF","HBU",27,0.13,"fs-014"
874,"r00774","SBSF","BUR",27,0.1,"fs-014"
875,"r00775","SBSF","BUR",27,0.1,"fs-014"
876,"r00776","SBSF","BUR",27,0.12,"fs-014"
877,"r00777","SBSF","HBU",27,0.13,"fs-014"
878,"r00778","SBSF","HBU",27,0.1,"fs-014"
879,"r00779","SBSF","BUR",27,0.24,"fs-014"
880,"r00780","SBSF","BUR",29.6,0.43,"fs-013"
881,"r00781","SBSF","EIT",39.4,0.45,"fs-013"
882,"r00782","SBSF","BUR",43.4,0.47,"fs-013"
883,"r00783","SBSF","BUR",41.9,0.38,"fs-013"
884,"r00784","SBSF","EIT",38.9,0.38,"fs-013"
885,"r00785","SBSF","BUR",41.9,0.53,"fs-013"
886,"r00786","SBSF","EIT",40.4,0.4,"fs-013"
887,"r00787","SBSF","EIT",16.8,0.42,"fs-013"
888,"r00800","GHKLRRS","BUR",16.2,0.2,"fs-020"
889,"r00801","GHKLRRS","BUR",30.8,0.57,"fs-020"
890,"r00802","GHKLRRS","BUR",29.1,0.71,"fs-020"
891,"r00803","GHKLRRS","BUR",15.9,0.19,"fs-020"
892,"r00804","GHKLRRS","BUR",5.2,0.15,"fs-020"
893,"r00805","GHKLRRS","BUR",19.1,0.33,"fs-021"
894,"r00806","GHKLRRS","BUR",19.3,0.48,"fs-021"
895,"r00807","GHKLRRS","BUR",11.8,0.13,"fs-021"
896,"r00808","GHKLRRS","BUR",9.9,0.1,"fs-021"
897,"r00809","GHKLRRS","BUR",18.9,0.25,"fs-021"
898,"r00810","GHKLRRS","BUR",5.2,0.07,"fs-021"
899,"r00811","GHKLRRS","EIT",18.5,0.38,"fs-021"
900,"r00812","GHKLRRS","BUR",12.8,0.12,"fs-021"
901,"r00813","GHKLRRS","BUR",12.8,0.14,"fs-021"
902,"r00814","GHKLRRS","BUR",18.1,0.23,"fs-021"
903,"r00815","GHKLRRS","BUR",10.2,0.1,"fs-021"
904,"r00816","GHKLRRS","BUR",12.9,0.11,"fs-021"
905,"r00817","GHKLRRS","BUR",10.5,0.11,"fs-021"
906,"r00818","GHKLRRS","BUR",24.3,0.47,"fs-021"
907,"r00819","GHKLRRS","BUR",15.3,0.14,"fs-021"
908,"r00820","GHKLRRS","BUR",14.6,0.12,"fs-021"
909,"r00821","GHKLRRS","BUR",17.1,0.17,"fs-021"
910,"r00822","GHKLRRS","EIT",21.4,0.48,"fs-021"
911,"r00823","GRLGS","BUR",25.2,0.54,"fs-007"
912,"r00824","GRLGS","BUR",11.6,0.12,"fs-007"
913,"r00825","GRLGS","EIT",14,0.52,"fs-007"
914,"r00826","GRLGS","BUR",12.9,0.14,"fs-007"
915,"r00827","GRLGS","BUR",31.6,0.42,"fs-007"
916,"r00828","GRLGS","BUR",30.6,0.45,"fs-007"
917,"r00829","GRLGS","BUR",44.6,0.68,"fs-007"
918,"r00830","GRLGS","BUR",41,0.43,"fs-007"
919,"r00831","GRLGS","BUR",37,0.25,"fs-007"
920,"r00832","GRLGS","BUR",42.6,0.54,"fs-007"
921,"r00833","GRLGS","BUR",51.6,0.66,"fs-002"
922,"r00834","GRLGS","BUR",43.6,0.5,"fs-002"
923,"r00835","GRLGS","BUR",47.6,0.46,"fs-002"
924,"r00836","GRLGS","BUR",40.4,0.46,"fs-002"
925,"r00837","GRLGS","BUR",24.6,0.22,"fs-002"
926,"r00838","GRLGS","BUR",47.6,0.51,"fs-002"
927,"r00839","GRLGS","BUR",21.6,0.22,"fs-002"
928,"r00840","SBSF","BUR",27,0.13,"fs-015"
929,"r00842","SBSF","BUR",27,0.07,"fs-015"
930,"r00843","SBSF","BUR",27,0.13,"fs-015"
931,"r00845","SBSF","BUR",27,0.22,"fs-015"
932,"r00846","SBSF","BUR",27,0.16,"fs-015"
933,"r00847","SBSF","BUR",27,0.11,"fs-015"
934,"r00848","SBSF","BUR",27,0.13,"fs-015"
935,"r00849","SBSF","BUR",27,0.09,"fs-015"
936,"r00850","SBSF","BUR",27,0.1,"fs-015"
937,"r00851","SBSF","BUR",27,0.22,"fs-015"
938,"r00852","jk","EIT",NA,0.37,"fs-010"
939,"r00854","SBSF","BUR",27,0.08,"fs-015"
940,"r00855","SBSF","BUR",27,0.13,"fs-015"
941,"r00856","SBSF","BUR",27,0.13,"fs-015"
942,"r00857","SBSF","BUR",27,0.16,"fs-015"
943,"r00858","SBSF","BUR",27,0.13,"fs-015"
944,"r00859","SBSF","BUR",27,0.09,"fs-015"
945,"r00860","jk","BUR",NA,0.35,"fs-006"
946,"r00861","dg","EIT",NA,0.48,"dm-002"
947,"r00862","SBSF","BUR",27,0.13,"fs-015"
948,"r00863","SBSF","BUR",27,0.13,"fs-015"
949,"r00864","SBSF","BUR",27,0.16,"fs-015"
950,"r00865","SBSF","BUR",27,0.1,"fs-015"
951,"r00866","SBSF","BUR",27,0.17,"fs-015"
952,"r00867","SBSF","BUR",27,0.13,"fs-015"
953,"r00868","SBSF","BUR",27,0.16,"fs-015"
954,"r00869","jk","HBU",12,0.18,"fs-027"
955,"r00871","jk","BUR",NA,0.23,"fs-010"
956,"r00872","jk","BUR",9,0.14,"fs-027"
957,"r00873","SBSF","BUR",27,0.19,"fs-015"
958,"r00874","SBSF","BUR",27,0.1,"fs-015"
959,"r00875","SBSF","BUR",27,0.18,"fs-015"
960,"r00876","SBSF","BUR",27,0.16,"fs-015"
961,"r00877","SBSF","BUR",27,0.6,"fs-014"
962,"r00878","SBSF","HBU",27,0.08,"fs-014"
963,"r00879","SBSF","BUR",27,0.15,"fs-014"
964,"r00880","SBSF","BUR",27,0.12,"fs-014"
965,"r00881","SBSF","BUR",27,0.13,"fs-014"
966,"r00882","SBSF","BUR",27,0.11,"fs-014"
967,"r00883","SBSF","BUR",27,0.16,"fs-014"
968,"r00884","SBSF","HBU",27,0.08,"fs-014"
969,"r00886","SBSF","BUR",27,0.1,"fs-014"
970,"r00887","SBSF","BUR",27,0.1,"fs-014"
971,"r00888","SBSF","HBU",27,0.11,"fs-014"
972,"r00889","dg","BUR",NA,0.76,"fs-031"
973,"r00890","SBSF","HBU",27,0.08,"fs-014"
974,"r00891","SBSF","HBU",27,0.11,"fs-014"
975,"r00892","SBSF","HBU",27,0.1,"fs-014"
976,"r00894","SBSF","HBU",27,0.12,"fs-014"
977,"r00895","SBSF","HBU",27,0.09,"fs-014"
978,"r00896","SBSF","HBU",27,0.11,"fs-014"
979,"r00897","SBSF","BUR",27,0.08,"fs-014"
980,"r00898","SBSF","HBU",27,0.08,"fs-014"
981,"r00899","SBSF","HBU",27,0.11,"fs-014"
982,"r00900","SBSF","HBU",27,0.07,"fs-014"
983,"r00902","SBSF","HBU",27,0.08,"fs-014"
984,"r00903","SBSF","HBU",27,0.1,"fs-014"
985,"r00905","SBSF","HBU",27,0.1,"fs-014"
986,"r00906","SBSF","BUR",27,0.13,"fs-014"
987,"r00907","SBSF","HBU",27,0.09,"fs-014"
988,"r00908","SBSF","BUR",27,0.11,"fs-014"
989,"r00909","SBSF","HBU",27,0.09,"fs-014"
990,"r00910","SBSF","HBU",27,0.09,"fs-014"
991,"r00912","SBSF","HBU",27,0.07,"fs-014"
992,"r00913","SBSF","HBU",27,0.1,"fs-014"
993,"r00914","SBSF","HBU",27,0.09,"fs-014"
994,"r00915","dg","BUR",NA,0.08,"fs-006"
995,"r00917","SBSF","HBU",27,0.09,"fs-014"
996,"r00918","SBSF","BUR",27,0.1,"fs-014"
997,"r00919","SBSF","HBU",27,0.08,"fs-014"
998,"r00920","GHKLRRS","BUR",23.5,0.4,"fs-018"
999,"r00921","GHKLRRS","EIT",20.7,0.35,"fs-018"
1000,"r00922","GHKLRRS","BUR",12.9,0.14,"fs-018"
1001,"r00923","GHKLRRS","BUR",9.2,0.13,"fs-018"
1002,"r00924","GHKLRRS","EIT",20.6,0.29,"fs-018"
1003,"r00925","GHKLRRS","HBU",11.8,0.12,"fs-018"
1004,"r00926","GHKLRRS","BUR",24.4,0.35,"fs-018"
1005,"r00927","GHKLRRS","BUR",25.9,0.49,"fs-018"
1006,"r00928","GHKLRRS","BUR",6.6,0.14,"fs-018"
1007,"r00929","GHKLRRS","BUR",17.3,0.2,"fs-018"
1008,"r00930","GHKLRRS","BUR",17.9,0.25,"fs-018"
1009,"r00931","GHKLRRS","BUR",14.7,0.17,"fs-018"
1010,"r00932","GHKLRRS","BUR",20.2,0.3,"fs-018"
1011,"r00933","GHKLRRS","BUR",24.7,0.39,"fs-018"
1012,"r00934","GHKLRRS","BUR",17,0.22,"fs-019"
1013,"r00935","GHKLRRS","EIT",21.7,0.43,"fs-019"
1014,"r00936","GHKLRRS","HBU",9.9,0.19,"fs-019"
1015,"r00937","GHKLRRS","EIT",23.9,0.41,"fs-019"
1016,"r00938","GHKLRRS","BUR",11.8,0.22,"fs-019"
1017,"r00939","GHKLRRS","BUR",14.8,0.21,"fs-019"
1018,"r00940","GHKLRRS","BUR",22.1,0.41,"fs-019"
1019,"r00941","GHKLRRS","EIT",22.2,0.51,"fs-019"
1020,"r00942","GHKLRRS","BUR",6.8,0.23,"fs-019"
1021,"r00943","GHKLRRS","BUR",10.4,0.16,"fs-019"
1022,"r00944","GHKLRRS","HBU",11.9,0.19,"fs-019"
1023,"r00945","GHKLRRS","EIT",22.5,0.41,"fs-019"
1024,"r00946","SBSF","BUR",25.8,0.35,"fs-009"
1025,"r00947","SBSF","BUR",22.3,0.35,"fs-009"
1026,"r00948","SBSF","BUR",11.3,0.21,"fs-009"
1027,"r00949","SBSF","BUR",25.8,0.29,"fs-009"
1028,"r00950","SBSF","EIT",32.7,0.48,"fs-009"
1029,"r00951","SBSF","EIT",35.4,0.45,"fs-009"
1030,"r00952","SBSF","BUR",24.8,0.19,"fs-009"
1031,"r00953","SBSF","EIT",37,0.51,"fs-009"
1032,"r00954","SBSF","EIT",34.3,0.45,"fs-009"
1033,"r00955","SBSF","BUR",27,0.11,"fs-015"
1034,"r00956","SBSF","BUR",27,0.08,"fs-015"
1035,"r00957","SBSF","BUR",27,0.13,"fs-015"
1036,"r00958","SBSF","BUR",27,0.13,"fs-015"
1037,"r00959","SBSF","BUR",27,0.1,"fs-015"
1038,"r00962","SBSF","BUR",18.4,0.22,"fs-008"
1039,"r00963","SBSF","BUR",31,0.44,"fs-008"
1040,"r00964","SBSF","EIT",23.4,0.52,"fs-008"
1041,"r00965","SBSF","BUR",15.5,0.16,"fs-008"
1042,"r00966","SBSF","BUR",11.7,0.21,"fs-008"
1043,"r00967","SBSF","BUR",8.5,0.18,"fs-008"
1044,"r00968","SBSF","BUR",40.4,0.35,"fs-008"
1045,"r00969","SBSF","BUR",20.6,0.22,"fs-008"
1046,"r00970","SBSF","BUR",18.7,0.24,"fs-008"
1047,"r00971","SBSF","BUR",10.2,0.21,"fs-008"
1048,"r00972","SBSF","BUR",34.5,0.3,"fs-008"
1049,"r00973","SBSF","BUR",27,0.18,"fs-015"
1050,"r00974","SBSF","BUR",27,0.18,"fs-015"
1051,"r00975","SBSF","BUR",27,0.15,"fs-015"
1052,"r00976","SBSF","BUR",27,0.21,"fs-015"
1053,"r00977","SBSF","BUR",27,0.11,"fs-015"
1054,"r00978","SBSF","BUR",27,0.1,"fs-015"
1055,"r00979","SBSF","BUR",27,0.2,"fs-015"
1056,"r00980","SBSF","BUR",27,0.09,"fs-015"
1057,"r00981","SBSF","BUR",27,0.15,"fs-015"
1058,"r00982","SBSF","BUR",27,0.18,"fs-015"
1059,"r00983","SBSF","BUR",27,0.18,"fs-015"
1060,"r00984","SBSF","BUR",27,0.11,"fs-015"
1061,"r00985","SBSF","BUR",27,0.29,"fs-015"
1062,"r00986","SBSF","BUR",27,0.08,"fs-015"
1063,"r00987","SBSF","AHB",27,0.16,"fs-015"
1064,"r00988","SBSF","AHB",27,0.14,"fs-015"
1065,"r00989","SBSF","BUR",27,0.16,"fs-015"
1066,"r00990","SBSF","BUR",27,0.11,"fs-015"
1067,"r00991","SBSF","BUR",27,0.18,"fs-015"
1068,"r00992","SBSF","BUR",27,0.13,"fs-015"
1069,"r00993","SBSF","BUR",27,0.18,"fs-015"
1070,"r00994","SBSF","BUR",27,0.11,"fs-015"
1071,"r00995","SBSF","BUR",27,0.25,"fs-015"
1072,"r00996","SBSF","BUR",27,0.18,"fs-015"
1073,"r00997","SBSF","BUR",27,0.18,"fs-015"
1074,"r00998","SBSF","BUR",27,0.13,"fs-015"
1075,"r00999","SBSF","BUR",27,0.09,"fs-015"
1076,"r00767","jk","BUR",NA,0.45,"fs-010"
1077,"r08900","FMLRS","EIS",18,1.63,"fs-051"
1078,"r00141","FMLRS","HBU",13.8,0.7,"fs-051"
1079,"r00135","FMLRS","HBU",17.5,0.76,"fs-051"
1080,"r00681","FMLRS","HBU",17.9,0.73,"fs-051"
1081,"r00885","FMLRS","HBU",11.1,0.85,"fs-051"
1082,"r00137","FMLRS","BUR",18.1,0.76,"fs-051"
1083,"r00808","FMLRS","BUR",20.9,1.26,"fs-051"
1084,"r00016","FMLRS","BUR",13.8,0.68,"fs-051"
1085,"r00012","FMLRS","BUR",14.6,0.55,"fs-051"
1086,"r00139","FMLRS","HBU",11.8,0.76,"fs-051"
1087,"r00911","FMLRS","EIS",23,1.71,"fs-051"
1088,"r00901","FMLRS","BUR",9.6,0.49,"fs-051"
1089,"r00844","FMLRS","BUR",38.575,1.86,"fs-052"
1090,"r00841","FMLRS","BUR",26.2,0.65,"fs-052"
1091,"r00893","FMLRS","BUR",23.95,0.65,"fs-052"
1092,"r00916","FMLRS","HBU",19.575,0.39,"fs-052"
1093,"r00138","FMLRS","EIT",23,1.35,"fs-052"
1094,"r00853","FMLRS","HBU",11,0.62,"fs-052"
1095,"r00182","FMLRS","HBU",21.575,0.62,"fs-052"
1096,"r00904","FMLRS","EIT",22,1.02,"fs-052"
1097,"r00183","FMLRS","BUR",40.95,2.01,"fs-052"
1098,"r00184","FMLRS","BUR",19.575,0.69,"fs-052"
1099,"r00185","FMLRS","BUR",15.2,0.35,"fs-052"
1100,"r00186","FMLRS","BUR",27.075,0.72,"fs-052"
1101,"r00193","FMLRS","ERS",9.1,0.34,"fs-053"
1102,"r00551","FMLRS","ERS",9.1,0.3,"fs-053"
1103,"r00554","FMLRS","ERS",9.1,0.26,"fs-053"
1104,"r00187","FMLRS","ERS",9.1,0.28,"fs-053"
1105,"r00189","FMLRS","ERS",9.1,0.35,"fs-053"
1106,"r00191","FMLRS","ERS",9.1,0.27,"fs-053"
1107,"r00192","FMLRS","ERS",9.1,0.33,"fs-053"
1108,"r00195","FMLRS","ERS",9.1,0.32,"fs-053"
1109,"r00196","FMLRS","ERS",9.1,0.28,"fs-053"
1110,"r00190","FMLRS","ERS",9.1,0.32,"fs-053"
1111,"r00198","FMLRS","ERS",9.1,0.37,"fs-053"
1112,"r00199","FMLRS","ERS",9.1,0.34,"fs-053"
1113,"r00553","FMLRS","ERS",9.1,0.25,"fs-053"
1114,"r00194","FMLRS","ERS",9.1,0.27,"fs-053"
1115,"r00552","FMLRS","ERS",9.1,0.23,"fs-053"
1116,"r00548","FMLRS","ERS",9.1,0.27,"fs-053"
1117,"r00547","FMLRS","ERS",9.1,0.25,"fs-053"
1118,"r00692","FMLRS","ERS",9.1,0.24,"fs-053"
1119,"r00550","FMLRS","ERS",9.1,0.29,"fs-053"
1120,"r00188","FMLRS","ERS",9.1,0.24,"fs-053"
1121,"r00800","FMLRS","ERS",9.1,0.25,"fs-053"
1122,"r00933","FMLRS","ERS",9.1,0.3,"fs-053"
1123,"r00934","FMLRS","ERS",9.1,0.26,"fs-053"
1124,"r00935","FMLRS","ERS",9.1,0.24,"fs-053"
1125,"r00936","FMLRS","ERS",9.1,0.24,"fs-053"
1126,"r00937","FMLRS","ERS",9.1,0.31,"fs-053"
1127,"r00938","FMLRS","ERS",9.1,0.27,"fs-053"
1128,"r00939","FMLRS","ERS",9.1,0.26,"fs-053"
1129,"r00940","FMLRS","ERS",9.1,0.24,"fs-053"
1130,"r00941","FMLRS","ERS",9.1,0.25,"fs-053"
1131,"r00549","FMLRS","ERS",9.1,0.22,"fs-053"
1132,"r00693","FMLRS","ERS",9.1,0.28,"fs-053"
1133,"r00942","FMLRS","ERS",9.1,0.27,"fs-053"
1134,"r00943","FMLRS","ERS",9.1,0.27,"fs-053"
1135,"r00944","FMLRS","ERS",9.1,0.25,"fs-053"
1136,"r00945","FMLRS","ERS",9.1,0.26,"fs-053"
1137,"r00197","FMLRS","ERS",9.1,0.25,"fs-053"
1138,"b00947","FMLRS","BUR",40.21875,1.93,"fs-054"
1139,"b00946","FMLRS","BUR",27.69375,2.04,"fs-054"
1140,"r00788","FMLRS","BUR",26.85875,1.64,"fs-054"
1141,"r00115","FMLRS","BUR",7,0.3,"fs-055"
1142,"r00116","FMLRS","BUR",15.4,0.62,"fs-055"
1143,"r00117","FMLRS","BUR",20.65,0.92,"fs-055"
1144,"r00118","FMLRS","BUR",27.7,1.38,"fs-055"
1145,"b00948","FMLRS","LAE",26.27,0.87,"fs-056"
1146,"b00752","FMLRS","LAE",16.325,0.47,"fs-056"
1147,"b00753","FMLRS","LAE",31.625,0.8,"fs-056"
1148,"b00754","FMLRS","LAE",22.4,0.55,"fs-056"
1149,"b00755","FMLRS","BUR",27.47,0.7,"fs-056"
1150,"b00749","FMLRS","BUR",15.26,0.25,"fs-056"
1151,"b00750","FMLRS","BUR",16.595,0.32,"fs-056"
1152,"b00748","FMLRS","BUR",20.69,0.4,"fs-056"
1153,"b00756","FMLRS","LAE",30.95,0.93,"fs-056"
1154,"b00751","FMLRS","LAE",27.275,0.93,"fs-056"
1155,"b00757","FMLRS","BUR",17.795,0.6,"fs-056"
1156,"b00758","FMLRS","LAE",25.115,1.44,"fs-056"
1157,"b00759","FMLRS","LAE",31.415,1,"fs-056"
1158,"r00370","FMLRS","DGL",15.935,0.69,"fs-056"
1159,"r00371","FMLRS","EIS",31.355,1.3,"fs-056"
1160,"r00372","FMLRS","DGL",11.69,0.4,"fs-056"
1161,"r00373","FMLRS","EIS",30.86,0.8,"fs-056"
1162,"r00374","FMLRS","BUR",35.42,1.18,"fs-056"
1163,"r00375","FMLRS","BUR",43.96666667,1.37,"fs-057"
1164,"r00376","FMLRS","BUR",36.82,1.82,"fs-057"
1165,"r00377","FMLRS","BUR",22.95333333,0.89,"fs-057"
1166,"r00378","FMLRS","BUR",16.31866667,0.66,"fs-057"
1167,"r00379","FMLRS","BUR",27.22,1.5,"fs-057"
1168,"r00320","FMLRS","BUR",30.22,1.9,"fs-058"
1169,"r00321","FMLRS","BUR",28.245,1.9,"fs-058"
